<?xml version="1.0" encoding="UTF-8"?>
<metadata xml:lang="pt"><Esri><CreaDate>20200522</CreaDate><CreaTime>10053300</CreaTime><ArcGISFormat>1.0</ArcGISFormat><SyncOnce>TRUE</SyncOnce><DataProperties><itemProps><itemLocation><linkage Sync="TRUE">file://\\VALTEIR\C$\VALTEIR\MESTRADO NOVO PROJ\Mapas prontos_RV0\Mapa base\Drenagemclass2</linkage><protocol Sync="TRUE">Local Area Network</protocol></itemLocation></itemProps><copyHistory><copy source="C:\VALTEIR\MESTRADO NOVO PROJ\Mapas prontos_RV0\Drenagem\Drenagemclass2" dest="\\VALTEIR\C$\VALTEIR\MESTRADO NOVO PROJ\Mapas prontos_RV0\Mapa base\Drenagemclass2" date="20160113" time="01080100"></copy></copyHistory><lineage><Process ToolSource="c:\program files (x86)\arcgis\desktop10.3\ArcToolbox\Toolboxes\Data Management Tools.tbx\DeleteField" Date="20160731" Time="104047">DeleteField Rios Comp;Fluxo;Shreve</Process><Process ToolSource="c:\program files (x86)\arcgis\desktop10.3\ArcToolbox\Toolboxes\Data Management Tools.tbx\DefineProjection" Date="20160731" Time="113139">DefineProjection Rios PROJCS['WGS_1984_UTM_Zone_23S',GEOGCS['GCS_WGS_1984',DATUM['D_WGS_1984',SPHEROID['WGS_1984',6378137.0,298.257223563]],PRIMEM['Greenwich',0.0],UNIT['Degree',0.0174532925199433]],PROJECTION['Transverse_Mercator'],PARAMETER['False_Easting',500000.0],PARAMETER['False_Northing',10000000.0],PARAMETER['Central_Meridian',-45.0],PARAMETER['Scale_Factor',0.9996],PARAMETER['Latitude_Of_Origin',0.0],UNIT['Meter',1.0]]</Process><Process ToolSource="c:\program files (x86)\arcgis\desktop10.6\ArcToolbox\Toolboxes\Data Management Tools.tbx\CalculateField" Date="20190510" Time="142737">CalculateField Rios Nome "Córrego da grama" VB #</Process></lineage></DataProperties></Esri></metadata>
